{
    "name": "root",
    "gauges": {
        "DroneAgent.Policy.Entropy.mean": {
            "value": 1.443214774131775,
            "min": 1.4189382791519165,
            "max": 1.4440383911132812,
            "count": 51
        },
        "DroneAgent.Policy.Entropy.sum": {
            "value": 14478.330078125,
            "min": 13862.16796875,
            "max": 17010.232421875,
            "count": 51
        },
        "DroneAgent.Environment.EpisodeLength.mean": {
            "value": 15.227272727272727,
            "min": 15.091935483870968,
            "max": 34.203508771929826,
            "count": 51
        },
        "DroneAgent.Environment.EpisodeLength.sum": {
            "value": 9380.0,
            "min": 9337.0,
            "max": 9748.0,
            "count": 51
        },
        "DroneAgent.Environment.LessonNumber.target_spawn_radius.mean": {
            "value": 1.0,
            "min": 1.0,
            "max": 1.0,
            "count": 51
        },
        "DroneAgent.Environment.LessonNumber.target_spawn_radius.sum": {
            "value": 1.0,
            "min": 1.0,
            "max": 1.0,
            "count": 51
        },
        "DroneAgent.Step.mean": {
            "value": 509996.0,
            "min": 9996.0,
            "max": 509996.0,
            "count": 51
        },
        "DroneAgent.Step.sum": {
            "value": 509996.0,
            "min": 9996.0,
            "max": 509996.0,
            "count": 51
        },
        "DroneAgent.Policy.CuriosityValueEstimate.mean": {
            "value": 3340342.75,
            "min": -0.2631734609603882,
            "max": 3340342.75,
            "count": 51
        },
        "DroneAgent.Policy.CuriosityValueEstimate.sum": {
            "value": 2060991488.0,
            "min": -78.16252136230469,
            "max": 2060991488.0,
            "count": 51
        },
        "DroneAgent.Policy.ExtrinsicValueEstimate.mean": {
            "value": 16.6312255859375,
            "min": -24.099567413330078,
            "max": 75.0678482055664,
            "count": 51
        },
        "DroneAgent.Policy.ExtrinsicValueEstimate.sum": {
            "value": 10261.4658203125,
            "min": -14773.03515625,
            "max": 46692.203125,
            "count": 51
        },
        "DroneAgent.Environment.CumulativeReward.mean": {
            "value": -1.359315168915537,
            "min": -1.415534627457493,
            "max": -0.5096480540855967,
            "count": 51
        },
        "DroneAgent.Environment.CumulativeReward.sum": {
            "value": -838.6974592208862,
            "min": -847.9052418470383,
            "max": -201.82062941789627,
            "count": 51
        },
        "DroneAgent.Policy.CuriosityReward.mean": {
            "value": 0.0695142254408455,
            "min": 0.0,
            "max": 17.247362334063578,
            "count": 51
        },
        "DroneAgent.Policy.CuriosityReward.sum": {
            "value": 42.89027709700167,
            "min": 0.0,
            "max": 5018.982439212501,
            "count": 51
        },
        "DroneAgent.Policy.ExtrinsicReward.mean": {
            "value": -1.359315168915537,
            "min": -1.415534627457493,
            "max": -0.5096480540855967,
            "count": 51
        },
        "DroneAgent.Policy.ExtrinsicReward.sum": {
            "value": -838.6974592208862,
            "min": -847.9052418470383,
            "max": -201.82062941789627,
            "count": 51
        },
        "DroneAgent.IsTraining.mean": {
            "value": 1.0,
            "min": 1.0,
            "max": 1.0,
            "count": 51
        },
        "DroneAgent.IsTraining.sum": {
            "value": 1.0,
            "min": 1.0,
            "max": 1.0,
            "count": 51
        },
        "DroneAgent.Losses.PolicyLoss.mean": {
            "value": 0.02135917730629444,
            "min": 0.01708016552341481,
            "max": 0.03464275853087505,
            "count": 49
        },
        "DroneAgent.Losses.PolicyLoss.sum": {
            "value": 0.02135917730629444,
            "min": 0.01708016552341481,
            "max": 0.03464275853087505,
            "count": 49
        },
        "DroneAgent.Losses.ValueLoss.mean": {
            "value": 30093260112964.266,
            "min": 0.22638848870992662,
            "max": 30093260112964.266,
            "count": 49
        },
        "DroneAgent.Losses.ValueLoss.sum": {
            "value": 30093260112964.266,
            "min": 0.22638848870992662,
            "max": 30093260112964.266,
            "count": 49
        },
        "DroneAgent.Policy.LearningRate.mean": {
            "value": 0.0002698186900604399,
            "min": 0.0002698186900604399,
            "max": 0.0002993830202056601,
            "count": 49
        },
        "DroneAgent.Policy.LearningRate.sum": {
            "value": 0.0002698186900604399,
            "min": 0.0002698186900604399,
            "max": 0.0002993830202056601,
            "count": 49
        },
        "DroneAgent.Policy.Epsilon.mean": {
            "value": 0.18993956,
            "min": 0.18993956,
            "max": 0.1997943400000001,
            "count": 49
        },
        "DroneAgent.Policy.Epsilon.sum": {
            "value": 0.18993956,
            "min": 0.18993956,
            "max": 0.1997943400000001,
            "count": 49
        },
        "DroneAgent.Policy.Beta.mean": {
            "value": 0.004497984044,
            "min": 0.004497984044,
            "max": 0.004989737566,
            "count": 49
        },
        "DroneAgent.Policy.Beta.sum": {
            "value": 0.004497984044,
            "min": 0.004497984044,
            "max": 0.004989737566,
            "count": 49
        },
        "DroneAgent.Losses.CuriosityForwardLoss.mean": {
            "value": 0.2187503640850385,
            "min": 0.2125602677464485,
            "max": 126.15391616821289,
            "count": 49
        },
        "DroneAgent.Losses.CuriosityForwardLoss.sum": {
            "value": 0.2187503640850385,
            "min": 0.2125602677464485,
            "max": 126.15391616821289,
            "count": 49
        },
        "DroneAgent.Losses.CuriosityInverseLoss.mean": {
            "value": 1.8765291015307108,
            "min": 1.8355567495028178,
            "max": 4.702663135528565,
            "count": 49
        },
        "DroneAgent.Losses.CuriosityInverseLoss.sum": {
            "value": 1.8765291015307108,
            "min": 1.8355567495028178,
            "max": 4.702663135528565,
            "count": 49
        }
    },
    "metadata": {
        "timer_format_version": "0.1.0",
        "start_time_seconds": "1773527589",
        "python_version": "3.10.12 (main, Jul  5 2023, 18:54:27) [GCC 11.2.0]",
        "command_line_arguments": "/opt/miniconda3/envs/unity-rl/bin/mlagents-learn configs/drone_config_lr0.0003_hu128_nl3.yaml --env=build/DroneEnv.x86_64 --run-id=drone_config_lr0.0003_hu128_nl3 --num-envs=8 --no-graphics --force",
        "mlagents_version": "1.1.0",
        "mlagents_envs_version": "1.1.0",
        "communication_protocol_version": "1.5.0",
        "pytorch_version": "2.1.1+cu121",
        "numpy_version": "1.23.5",
        "end_time_seconds": "1773527719"
    },
    "total": 130.4349299480018,
    "count": 1,
    "self": 0.1274599370044598,
    "children": {
        "run_training.setup": {
            "total": 0.03359354999702191,
            "count": 1,
            "self": 0.03359354999702191
        },
        "TrainerController.start_learning": {
            "total": 130.27387646100033,
            "count": 1,
            "self": 1.0304769902213593,
            "children": {
                "TrainerController._reset_env": {
                    "total": 0.8727119549985218,
                    "count": 1,
                    "self": 0.8727119549985218
                },
                "TrainerController.advance": {
                    "total": 128.34576367178306,