{
    "name": "root",
    "gauges": {
        "DroneAgent.Policy.Entropy.mean": {
            "value": 1.3566720485687256,
            "min": 1.3566538095474243,
            "max": 1.4280569553375244,
            "count": 500
        },
        "DroneAgent.Policy.Entropy.sum": {
            "value": 13658.974609375,
            "min": 13417.240234375,
            "max": 15103.1796875,
            "count": 500
        },
        "DroneAgent.Environment.EpisodeLength.mean": {
            "value": 12.149606299212598,
            "min": 10.94768133174792,
            "max": 12.432032301480485,
            "count": 500
        },
        "DroneAgent.Environment.EpisodeLength.sum": {
            "value": 9258.0,
            "min": 9171.0,
            "max": 9295.0,
            "count": 500
        },
        "DroneAgent.Environment.LessonNumber.target_spawn_radius.mean": {
            "value": 1.0,
            "min": 1.0,
            "max": 1.0,
            "count": 500
        },
        "DroneAgent.Environment.LessonNumber.target_spawn_radius.sum": {
            "value": 1.0,
            "min": 1.0,
            "max": 1.0,
            "count": 500
        },
        "DroneAgent.Step.mean": {
            "value": 4999989.0,
            "min": 9991.0,
            "max": 4999989.0,
            "count": 500
        },
        "DroneAgent.Step.sum": {
            "value": 4999989.0,
            "min": 9991.0,
            "max": 4999989.0,
            "count": 500
        },
        "DroneAgent.Policy.ExtrinsicValueEstimate.mean": {
            "value": -1.2681995630264282,
            "min": -1.3219473361968994,
            "max": -0.07672446966171265,
            "count": 500
        },
        "DroneAgent.Policy.ExtrinsicValueEstimate.sum": {
            "value": -963.8316650390625,
            "min": -1022.3705444335938,
            "max": -64.2183837890625,
            "count": 500
        },
        "DroneAgent.Environment.CumulativeReward.mean": {
            "value": -1.4428581595420837,
            "min": -1.5746899696790646,
            "max": -1.1182351009820097,
            "count": 500
        },
        "DroneAgent.Environment.CumulativeReward.sum": {
            "value": -1096.5722012519836,
            "min": -1179.590220451355,
            "max": -935.9627795219421,
            "count": 500
        },
        "DroneAgent.Policy.ExtrinsicReward.mean": {
            "value": -1.4428581595420837,
            "min": -1.5746899696790646,
            "max": -1.1182351009820097,
            "count": 500
        },
        "DroneAgent.Policy.ExtrinsicReward.sum": {
            "value": -1096.5722012519836,
            "min": -1179.590220451355,
            "max": -935.9627795219421,
            "count": 500
        },
        "DroneAgent.IsTraining.mean": {
            "value": 1.0,
            "min": 1.0,
            "max": 1.0,
            "count": 500
        },
        "DroneAgent.IsTraining.sum": {
            "value": 1.0,
            "min": 1.0,
            "max": 1.0,
            "count": 500
        },
        "DroneAgent.Losses.PolicyLoss.mean": {
            "value": 0.018812909830982487,
            "min": 0.01538687755043308,
            "max": 0.032360079760352774,
            "count": 487
        },
        "DroneAgent.Losses.PolicyLoss.sum": {
            "value": 0.018812909830982487,
            "min": 0.01538687755043308,
            "max": 0.032360079760352774,
            "count": 487
        },
        "DroneAgent.Losses.ValueLoss.mean": {
            "value": 0.07603277626136938,
            "min": 0.03337610717862845,
            "max": 0.47780239085356396,
            "count": 487
        },
        "DroneAgent.Losses.ValueLoss.sum": {
            "value": 0.07603277626136938,
            "min": 0.03337610717862845,
            "max": 0.47780239085356396,
            "count": 487
        },
        "DroneAgent.Policy.LearningRate.mean": {
            "value": 1.5543994822000386e-07,
            "min": 1.5543994822000386e-07,
            "max": 0.00029938320020560005,
            "count": 487
        },
        "DroneAgent.Policy.LearningRate.sum": {
            "value": 1.5543994822000386e-07,
            "min": 1.5543994822000386e-07,
            "max": 0.00029938320020560005,
            "count": 487
        },
        "DroneAgent.Policy.Epsilon.mean": {
            "value": 0.10005177999999997,
            "min": 0.10005177999999997,
            "max": 0.1997944,
            "count": 487
        },
        "DroneAgent.Policy.Epsilon.sum": {
            "value": 0.10005177999999997,
            "min": 0.10005177999999997,
            "max": 0.1997944,
            "count": 487
        },
        "DroneAgent.Policy.Beta.mean": {
            "value": 1.2583822000000064e-05,
            "min": 1.2583822000000064e-05,
            "max": 0.0049897405600000016,
            "count": 487
        },
        "DroneAgent.Policy.Beta.sum": {
            "value": 1.2583822000000064e-05,
            "min": 1.2583822000000064e-05,
            "max": 0.0049897405600000016,
            "count": 487
        }
    },
    "metadata": {
        "timer_format_version": "0.1.0",
        "start_time_seconds": "1773176113",
        "python_version": "3.10.12 (main, Jul  5 2023, 18:54:27) [GCC 11.2.0]",
        "command_line_arguments": "/opt/miniconda3/envs/unity-rl/bin/mlagents-learn configs/drone_config.yaml --env=build/DroneEnv.x86_64 --run-id=drone_test --num-envs=8 --no-graphics --force",
        "mlagents_version": "1.1.0",
        "mlagents_envs_version": "1.1.0",
        "communication_protocol_version": "1.5.0",
        "pytorch_version": "2.1.1+cu121",
        "numpy_version": "1.23.5",
        "end_time_seconds": "1773177342"
    },
    "total": 1228.7162901269985,
    "count": 1,
    "self": 0.16819335999753093,
    "children": {
        "run_training.setup": {
            "total": 0.03055663499981165,
            "count": 1,
            "self": 0.03055663499981165
        },
        "TrainerController.start_learning": {
            "total": 1228.5175401320012,
            "count": 1,
            "self": 12.64184760972421,
            "children": {
                "TrainerController._reset_env": {
                    "total": 1.0541277029988123,
                    "count": 1,
                    "self": 1.0541277029988123
                },
                "TrainerController.advance": {
                    "total": 1214.8034722532757,
                    "count": 167479,
                    "self": 3.347156652576814,
                    "children": {
                        "env_step": {
                            "total": 423.8411334149714,
                            "count": 167479,
                            "self": 182.0197965365005,
                            "children": {
                                "SubprocessEnvManager._take_step": {
                                    "total": 239.3682346858841,
                                    "count": 694753,
                                    "self": 15.309813668456627,
                                    "children": {
                                        "TorchPolicy.evaluate": {
                                            "total": 224.05842101742746,
                                            "count": 416722,
                                            "self": 224.05842101742746
                                        }
                                    }
                                },
                                "workers": {
                                    "total": 2.4531021925868117,
                                    "count": 167479,
                                    "self": 0.0,
                                    "children": {
                                        "worker_root": {
                                            "total": 9816.128788349226,
                                            "count": 694749,