{
    "name": "root",
    "gauges": {
        "DroneAgent.Policy.Entropy.mean": {
            "value": 1.410721778869629,
            "min": 1.4074500799179077,
            "max": 1.4189382791519165,
            "count": 6
        },
        "DroneAgent.Policy.Entropy.sum": {
            "value": 13864.5732421875,
            "min": 13850.8427734375,
            "max": 16363.1962890625,
            "count": 6
        },
        "DroneAgent.Environment.EpisodeLength.mean": {
            "value": 24.15,
            "min": 23.007177033492823,
            "max": 30.253125,
            "count": 6
        },
        "DroneAgent.Environment.EpisodeLength.sum": {
            "value": 9660.0,
            "min": 9590.0,
            "max": 9685.0,
            "count": 6
        },
        "DroneAgent.Environment.LessonNumber.target_spawn_radius.mean": {
            "value": 1.0,
            "min": 1.0,
            "max": 1.0,
            "count": 6
        },
        "DroneAgent.Environment.LessonNumber.target_spawn_radius.sum": {
            "value": 1.0,
            "min": 1.0,
            "max": 1.0,
            "count": 6
        },
        "DroneAgent.Step.mean": {
            "value": 59968.0,
            "min": 9959.0,
            "max": 59968.0,
            "count": 6
        },
        "DroneAgent.Step.sum": {
            "value": 59968.0,
            "min": 9959.0,
            "max": 59968.0,
            "count": 6
        },
        "DroneAgent.Policy.CuriosityValueEstimate.mean": {
            "value": 30.56903076171875,
            "min": 0.3415481746196747,
            "max": 30.56903076171875,
            "count": 6
        },
        "DroneAgent.Policy.CuriosityValueEstimate.sum": {
            "value": 12135.9052734375,
            "min": 142.4255828857422,
            "max": 12135.9052734375,
            "count": 6
        },
        "DroneAgent.Policy.ExtrinsicValueEstimate.mean": {
            "value": -1.1984198093414307,
            "min": -1.1984198093414307,
            "max": 0.16020284593105316,
            "count": 6
        },
        "DroneAgent.Policy.ExtrinsicValueEstimate.sum": {
            "value": -475.77264404296875,
            "min": -475.77264404296875,
            "max": 66.8045883178711,
            "count": 6
        },
        "DroneAgent.Environment.CumulativeReward.mean": {
            "value": -1.1905814712534022,
            "min": -1.349162068705414,
            "max": -0.3700509570682278,
            "count": 6
        },
        "DroneAgent.Environment.CumulativeReward.sum": {
            "value": -472.6608440876007,
            "min": -472.6608440876007,
            "max": -153.94119814038277,
            "count": 6
        },
        "DroneAgent.Policy.CuriosityReward.mean": {
            "value": 1.342322353088304,
            "min": 0.0,
            "max": 13.958585310437226,
            "count": 6
        },
        "DroneAgent.Policy.CuriosityReward.sum": {
            "value": 532.9019741760567,
            "min": 0.0,
            "max": 4480.70588465035,
            "count": 6
        },
        "DroneAgent.Policy.ExtrinsicReward.mean": {
            "value": -1.1905814712534022,
            "min": -1.349162068705414,
            "max": -0.3700509570682278,
            "count": 6
        },
        "DroneAgent.Policy.ExtrinsicReward.sum": {
            "value": -472.6608440876007,
            "min": -472.6608440876007,
            "max": -153.94119814038277,
            "count": 6
        },
        "DroneAgent.IsTraining.mean": {
            "value": 1.0,
            "min": 1.0,
            "max": 1.0,
            "count": 6
        },
        "DroneAgent.IsTraining.sum": {
            "value": 1.0,
            "min": 1.0,
            "max": 1.0,
            "count": 6
        },
        "DroneAgent.Losses.PolicyLoss.mean": {
            "value": 0.023046353816365203,
            "min": 0.023046353816365203,
            "max": 0.028147381668289503,
            "count": 5
        },
        "DroneAgent.Losses.PolicyLoss.sum": {
            "value": 0.023046353816365203,
            "min": 0.023046353816365203,
            "max": 0.028147381668289503,
            "count": 5
        },
        "DroneAgent.Losses.ValueLoss.mean": {
            "value": 59.34100074768067,
            "min": 0.34448540409406025,
            "max": 59.34100074768067,
            "count": 5
        },
        "DroneAgent.Losses.ValueLoss.sum": {
            "value": 59.34100074768067,
            "min": 0.34448540409406025,
            "max": 59.34100074768067,
            "count": 5
        },
        "DroneAgent.Policy.LearningRate.mean": {
            "value": 0.0009897444010255603,
            "min": 0.0009897444010255603,
            "max": 0.0009979490002051002,
            "count": 5
        },
        "DroneAgent.Policy.LearningRate.sum": {
            "value": 0.0009897444010255603,
            "min": 0.0009897444010255603,
            "max": 0.0009979490002051002,
            "count": 5
        },
        "DroneAgent.Policy.Epsilon.mean": {
            "value": 0.19897443999999995,
            "min": 0.19897443999999995,
            "max": 0.19979489999999994,
            "count": 5
        },
        "DroneAgent.Policy.Epsilon.sum": {
            "value": 0.19897443999999995,
            "min": 0.19897443999999995,
            "max": 0.19979489999999994,
            "count": 5
        },
        "DroneAgent.Policy.Beta.mean": {
            "value": 0.004948824555999998,
            "min": 0.004948824555999998,
            "max": 0.004989765509999998,
            "count": 5
        },
        "DroneAgent.Policy.Beta.sum": {
            "value": 0.004948824555999998,
            "min": 0.004948824555999998,
            "max": 0.004989765509999998,
            "count": 5
        },
        "DroneAgent.Losses.CuriosityForwardLoss.mean": {
            "value": 3.0804359992345174,
            "min": 3.0804359992345174,
            "max": 93.89713077545166,
            "count": 5
        },
        "DroneAgent.Losses.CuriosityForwardLoss.sum": {
            "value": 3.0804359992345174,
            "min": 3.0804359992345174,
            "max": 93.89713077545166,
            "count": 5
        },
        "DroneAgent.Losses.CuriosityInverseLoss.mean": {
            "value": 3.8412676652272544,
            "min": 3.8412676652272544,
            "max": 4.706472086906433,
            "count": 5
        },
        "DroneAgent.Losses.CuriosityInverseLoss.sum": {
            "value": 3.8412676652272544,
            "min": 3.8412676652272544,
            "max": 4.706472086906433,
            "count": 5
        }
    },
    "metadata": {
        "timer_format_version": "0.1.0",
        "start_time_seconds": "1773527749",
        "python_version": "3.10.12 (main, Jul  5 2023, 18:54:27) [GCC 11.2.0]",
        "command_line_arguments": "/opt/miniconda3/envs/unity-rl/bin/mlagents-learn configs/drone_config_lr0.001_hu128_nl2.yaml --env=build/DroneEnv.x86_64 --run-id=drone_config_lr0.001_hu128_nl2 --num-envs=8 --no-graphics --force",
        "mlagents_version": "1.1.0",
        "mlagents_envs_version": "1.1.0",
        "communication_protocol_version": "1.5.0",
        "pytorch_version": "2.1.1+cu121",
        "numpy_version": "1.23.5",
        "end_time_seconds": "1773527764"
    },
    "total": 15.302479940000921,
    "count": 1,
    "self": 0.12708813400240615,
    "children": {
        "run_training.setup": {
            "total": 0.03504359900034615,
            "count": 1,
            "self": 0.03504359900034615
        },
        "TrainerController.start_learning": {
            "total": 15.14034820699817,
            "count": 1,
            "self": 0.11182490294231684,
            "children": {
                "TrainerController._reset_env": {
                    "total": 0.9080962980006007,
                    "count": 1,
                    "self": 0.9080962980006007
                },