{
    "name": "root",
    "gauges": {
        "DroneAgent.Policy.Entropy.mean": {
            "value": 1.3841521739959717,
            "min": 1.3815447092056274,
            "max": 1.411441683769226,
            "count": 51
        },
        "DroneAgent.Policy.Entropy.sum": {
            "value": 13819.375,
            "min": 2574.4697265625,
            "max": 14199.4052734375,
            "count": 51
        },
        "DroneAgent.Environment.EpisodeLength.mean": {
            "value": 1.0773228019122842,
            "min": 0.9552058111380145,
            "max": 1.1729306973712796,
            "count": 51
        },
        "DroneAgent.Environment.EpisodeLength.sum": {
            "value": 5183.0,
            "min": 789.0,
            "max": 5399.0,
            "count": 51
        },
        "DroneAgent.Environment.LessonNumber.target_spawn_radius.mean": {
            "value": 0.0,
            "min": 0.0,
            "max": 0.0,
            "count": 51
        },
        "DroneAgent.Environment.LessonNumber.target_spawn_radius.sum": {
            "value": 0.0,
            "min": 0.0,
            "max": 0.0,
            "count": 51
        },
        "DroneAgent.Step.mean": {
            "value": 1319998.0,
            "min": 819999.0,
            "max": 1319998.0,
            "count": 51
        },
        "DroneAgent.Step.sum": {
            "value": 1319998.0,
            "min": 819999.0,
            "max": 1319998.0,
            "count": 51
        },
        "DroneAgent.Policy.ExtrinsicValueEstimate.mean": {
            "value": -2.0961318016052246,
            "min": -2.279306650161743,
            "max": -1.553272008895874,
            "count": 51
        },
        "DroneAgent.Policy.ExtrinsicValueEstimate.sum": {
            "value": -10086.5859375,
            "min": -10938.98046875,
            "max": -1269.023193359375,
            "count": 51
        },
        "DroneAgent.Policy.CuriosityValueEstimate.mean": {
            "value": 2143.799560546875,
            "min": 203.16526794433594,
            "max": 2143.799560546875,
            "count": 51
        },
        "DroneAgent.Policy.CuriosityValueEstimate.sum": {
            "value": 10315964.0,
            "min": 168424.625,
            "max": 10315964.0,
            "count": 51
        },
        "DroneAgent.Environment.CumulativeReward.mean": {
            "value": -2.1161596652922388,
            "min": -2.4348984547230157,
            "max": -1.3998049779212607,
            "count": 51
        },
        "DroneAgent.Environment.CumulativeReward.sum": {
            "value": -10182.960309386253,
            "min": -11390.454971194267,
            "max": -1143.64066696167,
            "count": 51
        },
        "DroneAgent.Policy.ExtrinsicReward.mean": {
            "value": -2.1161596652922388,
            "min": -2.4348984547230157,
            "max": -1.3998049779212607,
            "count": 51
        },
        "DroneAgent.Policy.ExtrinsicReward.sum": {
            "value": -10182.960309386253,
            "min": -11390.454971194267,
            "max": -1143.64066696167,
            "count": 51
        },
        "DroneAgent.Policy.CuriosityReward.mean": {
            "value": 0.01869207587019472,
            "min": 0.0,
            "max": 0.023458469942861566,
            "count": 51
        },
        "DroneAgent.Policy.CuriosityReward.sum": {
            "value": 89.946269087377,
            "min": 0.0,
            "max": 111.61539998813532,
            "count": 51
        },
        "DroneAgent.IsTraining.mean": {
            "value": 1.0,
            "min": 1.0,
            "max": 1.0,
            "count": 51
        },
        "DroneAgent.IsTraining.sum": {
            "value": 1.0,
            "min": 1.0,
            "max": 1.0,
            "count": 51
        },
        "DroneAgent.Losses.PolicyLoss.mean": {
            "value": 0.025983401962245505,
            "min": 0.01432016002945602,
            "max": 0.030831366040123005,
            "count": 48
        },
        "DroneAgent.Losses.PolicyLoss.sum": {
            "value": 0.025983401962245505,
            "min": 0.01432016002945602,
            "max": 0.030831366040123005,
            "count": 48
        },
        "DroneAgent.Losses.ValueLoss.mean": {
            "value": 56468.81197916667,
            "min": 751.8401550292969,
            "max": 56468.81197916667,
            "count": 48
        },
        "DroneAgent.Losses.ValueLoss.sum": {
            "value": 56468.81197916667,
            "min": 751.8401550292969,
            "max": 56468.81197916667,
            "count": 48
        },
        "DroneAgent.Policy.LearningRate.mean": {
            "value": 0.0002213637262120999,
            "min": 0.0002213637262120999,
            "max": 0.00025028065657312,
            "count": 48
        },
        "DroneAgent.Policy.LearningRate.sum": {
            "value": 0.0002213637262120999,
            "min": 0.0002213637262120999,
            "max": 0.00025028065657312,
            "count": 48
        },
        "DroneAgent.Policy.Epsilon.mean": {
            "value": 0.17378789999999994,
            "min": 0.17378789999999994,
            "max": 0.18342687999999996,
            "count": 48
        },
        "DroneAgent.Policy.Epsilon.sum": {
            "value": 0.17378789999999994,
            "min": 0.17378789999999994,
            "max": 0.18342687999999996,
            "count": 48
        },
        "DroneAgent.Policy.Beta.mean": {
            "value": 0.00369201621,
            "min": 0.00369201621,
            "max": 0.004173001312000001,
            "count": 48
        },
        "DroneAgent.Policy.Beta.sum": {
            "value": 0.00369201621,
            "min": 0.00369201621,
            "max": 0.004173001312000001,
            "count": 48
        },
        "DroneAgent.Losses.CuriosityForwardLoss.mean": {
            "value": 0.4530275950829188,
            "min": 0.3966514339049657,
            "max": 0.5772897819677989,
            "count": 48
        },
        "DroneAgent.Losses.CuriosityForwardLoss.sum": {
            "value": 0.4530275950829188,
            "min": 0.3966514339049657,
            "max": 0.5772897819677989,
            "count": 48
        },
        "DroneAgent.Losses.CuriosityInverseLoss.mean": {
            "value": 4.18005842367808,
            "min": 4.050464661916097,
            "max": 4.9270866711934405,
            "count": 48
        },
        "DroneAgent.Losses.CuriosityInverseLoss.sum": {
            "value": 4.18005842367808,
            "min": 4.050464661916097,
            "max": 4.9270866711934405,
            "count": 48
        }
    },
    "metadata": {
        "timer_format_version": "0.1.0",
        "start_time_seconds": "1773160030",
        "python_version": "3.10.12 (main, Jul  5 2023, 18:54:27) [GCC 11.2.0]",
        "command_line_arguments": "/opt/miniconda3/envs/unity-rl/bin/mlagents-learn configs/drone_config.yaml --run-id=drone_basic --resume",
        "mlagents_version": "1.1.0",
        "mlagents_envs_version": "1.1.0",
        "communication_protocol_version": "1.5.0",
        "pytorch_version": "2.1.1+cu121",
        "numpy_version": "1.23.5",
        "end_time_seconds": "1773161196"
    },
    "total": 1166.7090600939991,
    "count": 1,
    "self": 0.0034339269950578455,
    "children": {
        "run_training.setup": {
            "total": 0.007498456001485465,
            "count": 1,
            "self": 0.007498456001485465
        },
        "TrainerController.start_learning": {
            "total": 1166.6981277110026,
            "count": 1,
            "self": 0.8627229576341051,
            "children": {
                "TrainerController._reset_env": {
                    "total": 6.303103215999727,
                    "count": 1,
                    "self": 6.303103215999727
                },
                "TrainerController.advance": {
                    "total": 1159.5109854263646,
                    "count": 26630,