{
    "name": "root",
    "gauges": {
        "DroneAgent.Policy.Entropy.mean": {
            "value": 1.1667168140411377,
            "min": 1.1666218042373657,
            "max": 1.4189382791519165,
            "count": 200
        },
        "DroneAgent.Policy.Entropy.sum": {
            "value": 11564.4970703125,
            "min": 11564.4970703125,
            "max": 16499.4140625,
            "count": 200
        },
        "DroneAgent.Environment.EpisodeLength.mean": {
            "value": 13.519650655021834,
            "min": 13.364028776978417,
            "max": 133.42105263157896,
            "count": 200
        },
        "DroneAgent.Environment.EpisodeLength.sum": {
            "value": 9288.0,
            "min": 8406.0,
            "max": 11829.0,
            "count": 200
        },
        "DroneAgent.Environment.LessonNumber.target_spawn_radius.mean": {
            "value": 3.0,
            "min": 1.0,
            "max": 3.0,
            "count": 200
        },
        "DroneAgent.Environment.LessonNumber.target_spawn_radius.sum": {
            "value": 3.0,
            "min": 1.0,
            "max": 3.0,
            "count": 200
        },
        "DroneAgent.Step.mean": {
            "value": 1999994.0,
            "min": 9982.0,
            "max": 1999994.0,
            "count": 200
        },
        "DroneAgent.Step.sum": {
            "value": 1999994.0,
            "min": 9982.0,
            "max": 1999994.0,
            "count": 200
        },
        "DroneAgent.Policy.ExtrinsicValueEstimate.mean": {
            "value": 1.9910300970077515,
            "min": -1.0449144840240479,
            "max": 1.9913421869277954,
            "count": 200
        },
        "DroneAgent.Policy.ExtrinsicValueEstimate.sum": {
            "value": 1371.8197021484375,
            "min": -296.7557067871094,
            "max": 1385.446533203125,
            "count": 200
        },
        "DroneAgent.Environment.CumulativeReward.mean": {
            "value": 2.22007767763124,
            "min": -1.379477600457291,
            "max": 2.655197678048403,
            "count": 200
        },
        "DroneAgent.Environment.CumulativeReward.sum": {
            "value": 1529.6335198879242,
            "min": -409.70484733581543,
            "max": 1543.1864342689514,
            "count": 200
        },
        "DroneAgent.Policy.ExtrinsicReward.mean": {
            "value": 2.22007767763124,
            "min": -1.379477600457291,
            "max": 2.655197678048403,
            "count": 200
        },
        "DroneAgent.Policy.ExtrinsicReward.sum": {
            "value": 1529.6335198879242,
            "min": -409.70484733581543,
            "max": 1543.1864342689514,
            "count": 200
        },
        "DroneAgent.IsTraining.mean": {
            "value": 1.0,
            "min": 1.0,
            "max": 1.0,
            "count": 200
        },
        "DroneAgent.IsTraining.sum": {
            "value": 1.0,
            "min": 1.0,
            "max": 1.0,
            "count": 200
        },
        "DroneAgent.Losses.PolicyLoss.mean": {
            "value": 0.022221096496408185,
            "min": 0.014543180773034691,
            "max": 0.03344356791737179,
            "count": 194
        },
        "DroneAgent.Losses.PolicyLoss.sum": {
            "value": 0.022221096496408185,
            "min": 0.014543180773034691,
            "max": 0.03344356791737179,
            "count": 194
        },
        "DroneAgent.Losses.ValueLoss.mean": {
            "value": 0.0007558284036349505,
            "min": 0.0003138209896860644,
            "max": 0.47721450328826903,
            "count": 194
        },
        "DroneAgent.Losses.ValueLoss.sum": {
            "value": 0.0007558284036349505,
            "min": 0.0003138209896860644,
            "max": 0.47721450328826903,
            "count": 194
        },
        "DroneAgent.Policy.LearningRate.mean": {
            "value": 0.00018045885984706007,
            "min": 0.00018045885984706007,
            "max": 0.00029938380020539995,
            "count": 194
        },
        "DroneAgent.Policy.LearningRate.sum": {
            "value": 0.00018045885984706007,
            "min": 0.00018045885984706007,
            "max": 0.00029938380020539995,
            "count": 194
        },
        "DroneAgent.Policy.Epsilon.mean": {
            "value": 0.16015293999999997,
            "min": 0.16015293999999997,
            "max": 0.19979459999999996,
            "count": 194
        },
        "DroneAgent.Policy.Epsilon.sum": {
            "value": 0.16015293999999997,
            "min": 0.16015293999999997,
            "max": 0.19979459999999996,
            "count": 194
        },
        "DroneAgent.Policy.Beta.mean": {
            "value": 0.0030116317059999996,
            "min": 0.0030116317059999996,
            "max": 0.004989750540000001,
            "count": 194
        },
        "DroneAgent.Policy.Beta.sum": {
            "value": 0.0030116317059999996,
            "min": 0.0030116317059999996,
            "max": 0.004989750540000001,
            "count": 194
        }
    },
    "metadata": {
        "timer_format_version": "0.1.0",
        "start_time_seconds": "1773528948",
        "python_version": "3.10.12 (main, Jul  5 2023, 18:54:27) [GCC 11.2.0]",
        "command_line_arguments": "/opt/miniconda3/envs/unity-rl/bin/mlagents-learn configs/drone_config.yaml --env=build/DroneEnv.x86_64 --run-id=drone_config --num-envs=8 --no-graphics --force",
        "mlagents_version": "1.1.0",
        "mlagents_envs_version": "1.1.0",
        "communication_protocol_version": "1.5.0",
        "pytorch_version": "2.1.1+cu121",
        "numpy_version": "1.23.5",
        "end_time_seconds": "1773529360"
    },
    "total": 412.0052088349985,
    "count": 1,
    "self": 0.15160985899638035,
    "children": {
        "run_training.setup": {
            "total": 0.03499533300055191,
            "count": 1,
            "self": 0.03499533300055191
        },
        "TrainerController.start_learning": {
            "total": 411.81860364300155,
            "count": 1,
            "self": 1.7848265188731602,
            "children": {
                "TrainerController._reset_env": {
                    "total": 1.0292421449994436,
                    "count": 1,
                    "self": 1.0292421449994436
                },
                "TrainerController.advance": {
                    "total": 408.98343853212646,
                    "count": 61603,
                    "self": 1.0547958872230083,
                    "children": {
                        "env_step": {
                            "total": 152.5929236029442,
                            "count": 61603,
                            "self": 61.9701911673983,
                            "children": {
                                "SubprocessEnvManager._take_step": {
                                    "total": 89.82582887733588,
                                    "count": 241078,
                                    "self": 5.471849769390246,
                                    "children": {
                                        "TorchPolicy.evaluate": {
                                            "total": 84.35397910794563,
                                            "count": 167471,
                                            "self": 84.35397910794563
                                        }
                                    }
                                },
                                "workers": {
                                    "total": 0.7969035582100332,
                                    "count": 61603,
                                    "self": 0.0,
                                    "children": {
                                        "worker_root": {
                                            "total": 3291.11024617944,
                                            "count": 241075,