{
    "name": "root",
    "gauges": {
        "DroneAgent.Policy.Entropy.mean": {
            "value": 1.446362853050232,
            "min": 1.4127849340438843,
            "max": 1.4580987691879272,
            "count": 351
        },
        "DroneAgent.Policy.Entropy.sum": {
            "value": 14475.19921875,
            "min": 14080.0859375,
            "max": 14672.8828125,
            "count": 351
        },
        "DroneAgent.Environment.EpisodeLength.mean": {
            "value": 5.23375,
            "min": 4.8328479906814215,
            "max": 5.558108995403808,
            "count": 351
        },
        "DroneAgent.Environment.EpisodeLength.sum": {
            "value": 8374.0,
            "min": 8298.0,
            "max": 8465.0,
            "count": 351
        },
        "DroneAgent.Environment.LessonNumber.target_spawn_radius.mean": {
            "value": 1.0,
            "min": 1.0,
            "max": 1.0,
            "count": 351
        },
        "DroneAgent.Environment.LessonNumber.target_spawn_radius.sum": {
            "value": 1.0,
            "min": 1.0,
            "max": 1.0,
            "count": 351
        },
        "DroneAgent.Step.mean": {
            "value": 3509996.0,
            "min": 9996.0,
            "max": 3509996.0,
            "count": 351
        },
        "DroneAgent.Step.sum": {
            "value": 3509996.0,
            "min": 9996.0,
            "max": 3509996.0,
            "count": 351
        },
        "DroneAgent.Policy.ExtrinsicValueEstimate.mean": {
            "value": -1.1022943258285522,
            "min": -1.148368239402771,
            "max": -0.07695500552654266,
            "count": 351
        },
        "DroneAgent.Policy.ExtrinsicValueEstimate.sum": {
            "value": -1769.182373046875,
            "min": -1841.54052734375,
            "max": -131.90087890625,
            "count": 351
        },
        "DroneAgent.Environment.CumulativeReward.mean": {
            "value": -1.1555273258797476,
            "min": -1.2341355654450714,
            "max": -0.8506484307096608,
            "count": 351
        },
        "DroneAgent.Environment.CumulativeReward.sum": {
            "value": -1854.621358036995,
            "min": -1893.9393491744995,
            "max": -1458.0114102363586,
            "count": 351
        },
        "DroneAgent.Policy.ExtrinsicReward.mean": {
            "value": -1.1555273258797476,
            "min": -1.2341355654450714,
            "max": -0.8506484307096608,
            "count": 351
        },
        "DroneAgent.Policy.ExtrinsicReward.sum": {
            "value": -1854.621358036995,
            "min": -1893.9393491744995,
            "max": -1458.0114102363586,
            "count": 351
        },
        "DroneAgent.IsTraining.mean": {
            "value": 1.0,
            "min": 1.0,
            "max": 1.0,
            "count": 351
        },
        "DroneAgent.IsTraining.sum": {
            "value": 1.0,
            "min": 1.0,
            "max": 1.0,
            "count": 351
        },
        "DroneAgent.Losses.PolicyLoss.mean": {
            "value": 0.01913502699850748,
            "min": 0.014578555400172869,
            "max": 0.03325867168605327,
            "count": 342
        },
        "DroneAgent.Losses.PolicyLoss.sum": {
            "value": 0.01913502699850748,
            "min": 0.014578555400172869,
            "max": 0.03325867168605327,
            "count": 342
        },
        "DroneAgent.Losses.ValueLoss.mean": {
            "value": 0.19078918596108754,
            "min": 0.17301319042841592,
            "max": 0.7380631526311239,
            "count": 342
        },
        "DroneAgent.Losses.ValueLoss.sum": {
            "value": 0.19078918596108754,
            "min": 0.17301319042841592,
            "max": 0.7380631526311239,
            "count": 342
        },
        "DroneAgent.Policy.LearningRate.mean": {
            "value": 8.960359013215997e-05,
            "min": 8.960359013215997e-05,
            "max": 0.00029938470020510004,
            "count": 342
        },
        "DroneAgent.Policy.LearningRate.sum": {
            "value": 8.960359013215997e-05,
            "min": 8.960359013215997e-05,
            "max": 0.00029938470020510004,
            "count": 342
        },
        "DroneAgent.Policy.Epsilon.mean": {
            "value": 0.12986784000000004,
            "min": 0.12986784000000004,
            "max": 0.19979489999999994,
            "count": 342
        },
        "DroneAgent.Policy.Epsilon.sum": {
            "value": 0.12986784000000004,
            "min": 0.12986784000000004,
            "max": 0.19979489999999994,
            "count": 342
        },
        "DroneAgent.Policy.Beta.mean": {
            "value": 0.0015004052159999998,
            "min": 0.0015004052159999998,
            "max": 0.004989765509999998,
            "count": 342
        },
        "DroneAgent.Policy.Beta.sum": {
            "value": 0.0015004052159999998,
            "min": 0.0015004052159999998,
            "max": 0.004989765509999998,
            "count": 342
        }
    },
    "metadata": {
        "timer_format_version": "0.1.0",
        "start_time_seconds": "1773165163",
        "python_version": "3.10.12 (main, Jul  5 2023, 18:54:27) [GCC 11.2.0]",
        "command_line_arguments": "/opt/miniconda3/envs/unity-rl/bin/mlagents-learn configs/drone_config.yaml --env=build/DroneEnv.x86_64 --run-id=drone_config --num-envs=8 --no-graphics --force",
        "mlagents_version": "1.1.0",
        "mlagents_envs_version": "1.1.0",
        "communication_protocol_version": "1.5.0",
        "pytorch_version": "2.1.1+cu121",
        "numpy_version": "1.23.5",
        "end_time_seconds": "1773166264"
    },
    "total": 1101.1808112229992,
    "count": 1,
    "self": 0.1352251050011546,
    "children": {
        "run_training.setup": {
            "total": 0.036488870999164646,
            "count": 1,
            "self": 0.036488870999164646
        },
        "TrainerController.start_learning": {
            "total": 1101.0090972469989,
            "count": 1,
            "self": 11.176490119953087,
            "children": {
                "TrainerController._reset_env": {
                    "total": 0.9490745139992214,
                    "count": 1,
                    "self": 0.9490745139992214
                },
                "TrainerController.advance": {
                    "total": 1088.840222558043,
                    "count": 164089,
                    "self": 2.9471728855023684,
                    "children": {
                        "env_step": {
                            "total": 310.49268496423247,
                            "count": 164089,
                            "self": 146.14443408760053,
                            "children": {
                                "SubprocessEnvManager._take_step": {
                                    "total": 162.07155186486852,
                                    "count": 676759,
                                    "self": 10.707580838741706,
                                    "children": {
                                        "TorchPolicy.evaluate": {
                                            "total": 151.36397102612682,
                                            "count": 292636,
                                            "self": 151.36397102612682
                                        }
                                    }
                                },
                                "workers": {
                                    "total": 2.2766990117634123,
                                    "count": 164088,
                                    "self": 0.0,
                                    "children": {
                                        "worker_root": {
                                            "total": 8797.158744879438,
                                            "count": 676752,