{
    "name": "root",
    "gauges": {
        "DroneAgent.Policy.Entropy.mean": {
            "value": 1.419461727142334,
            "min": 1.41823410987854,
            "max": 1.419461727142334,
            "count": 5
        },
        "DroneAgent.Policy.Entropy.sum": {
            "value": 14188.939453125,
            "min": 14159.6494140625,
            "max": 14268.84375,
            "count": 5
        },
        "DroneAgent.Environment.EpisodeLength.mean": {
            "value": 3.67601683029453,
            "min": 3.6137517305029996,
            "max": 3.877560975609756,
            "count": 5
        },
        "DroneAgent.Environment.EpisodeLength.sum": {
            "value": 7863.0,
            "min": 7831.0,
            "max": 7949.0,
            "count": 5
        },
        "DroneAgent.Environment.LessonNumber.target_spawn_radius.mean": {
            "value": 0.0,
            "min": 0.0,
            "max": 0.0,
            "count": 5
        },
        "DroneAgent.Environment.LessonNumber.target_spawn_radius.sum": {
            "value": 0.0,
            "min": 0.0,
            "max": 0.0,
            "count": 5
        },
        "DroneAgent.Step.mean": {
            "value": 49996.0,
            "min": 9989.0,
            "max": 49996.0,
            "count": 5
        },
        "DroneAgent.Step.sum": {
            "value": 49996.0,
            "min": 9989.0,
            "max": 49996.0,
            "count": 5
        },
        "DroneAgent.Policy.ExtrinsicValueEstimate.mean": {
            "value": 0.40156611800193787,
            "min": 0.07316155731678009,
            "max": 0.40156611800193787,
            "count": 5
        },
        "DroneAgent.Policy.ExtrinsicValueEstimate.sum": {
            "value": 858.949951171875,
            "min": 152.0297088623047,
            "max": 858.949951171875,
            "count": 5
        },
        "DroneAgent.Environment.CumulativeReward.mean": {
            "value": 0.9729771762877326,
            "min": 0.9154909083319873,
            "max": 1.0042738293963311,
            "count": 5
        },
        "DroneAgent.Environment.CumulativeReward.sum": {
            "value": 2081.19818007946,
            "min": 1876.756362080574,
            "max": 2176.2613883018494,
            "count": 5
        },
        "DroneAgent.Policy.ExtrinsicReward.mean": {
            "value": 0.9729771762877326,
            "min": 0.9154909083319873,
            "max": 1.0042738293963311,
            "count": 5
        },
        "DroneAgent.Policy.ExtrinsicReward.sum": {
            "value": 2081.19818007946,
            "min": 1876.756362080574,
            "max": 2176.2613883018494,
            "count": 5
        },
        "DroneAgent.IsTraining.mean": {
            "value": 1.0,
            "min": 1.0,
            "max": 1.0,
            "count": 5
        },
        "DroneAgent.IsTraining.sum": {
            "value": 1.0,
            "min": 1.0,
            "max": 1.0,
            "count": 5
        },
        "DroneAgent.Losses.PolicyLoss.mean": {
            "value": 0.02155569406847159,
            "min": 0.0192157165457805,
            "max": 0.02981358109973371,
            "count": 4
        },
        "DroneAgent.Losses.PolicyLoss.sum": {
            "value": 0.02155569406847159,
            "min": 0.0192157165457805,
            "max": 0.02981358109973371,
            "count": 4
        },
        "DroneAgent.Losses.ValueLoss.mean": {
            "value": 0.8032364646593729,
            "min": 0.8032364646593729,
            "max": 1.1259806096553802,
            "count": 4
        },
        "DroneAgent.Losses.ValueLoss.sum": {
            "value": 0.8032364646593729,
            "min": 0.8032364646593729,
            "max": 1.1259806096553802,
            "count": 4
        },
        "DroneAgent.Policy.LearningRate.mean": {
            "value": 0.00029754036081987994,
            "min": 0.00029754036081987994,
            "max": 0.000299385000205,
            "count": 4
        },
        "DroneAgent.Policy.LearningRate.sum": {
            "value": 0.00029754036081987994,
            "min": 0.00029754036081987994,
            "max": 0.000299385000205,
            "count": 4
        },
        "DroneAgent.Policy.Epsilon.mean": {
            "value": 0.19918012000000004,
            "min": 0.19918012000000004,
            "max": 0.199795,
            "count": 4
        },
        "DroneAgent.Policy.Epsilon.sum": {
            "value": 0.19918012000000004,
            "min": 0.19918012000000004,
            "max": 0.199795,
            "count": 4
        },
        "DroneAgent.Policy.Beta.mean": {
            "value": 0.004959087987999999,
            "min": 0.004959087987999999,
            "max": 0.004989770499999999,
            "count": 4
        },
        "DroneAgent.Policy.Beta.sum": {
            "value": 0.004959087987999999,
            "min": 0.004959087987999999,
            "max": 0.004989770499999999,
            "count": 4
        }
    },
    "metadata": {
        "timer_format_version": "0.1.0",
        "start_time_seconds": "1773272722",
        "python_version": "3.10.12 (main, Jul  5 2023, 18:54:27) [GCC 11.2.0]",
        "command_line_arguments": "/opt/miniconda3/envs/unity-rl/bin/mlagents-learn configs/drone_config.yaml --force",
        "mlagents_version": "1.1.0",
        "mlagents_envs_version": "1.1.0",
        "communication_protocol_version": "1.5.0",
        "pytorch_version": "2.1.1+cu121",
        "numpy_version": "1.23.5",
        "end_time_seconds": "1773273119"
    },
    "total": 397.45591318199877,
    "count": 1,
    "self": 0.0035804939980152994,
    "children": {
        "run_training.setup": {
            "total": 0.008762878998822998,
            "count": 1,
            "self": 0.008762878998822998
        },
        "TrainerController.start_learning": {
            "total": 397.44356980900193,
            "count": 1,
            "self": 0.3785727848589886,
            "children": {
                "TrainerController._reset_env": {
                    "total": 5.999534182999923,
                    "count": 1,
                    "self": 5.999534182999923
                },
                "TrainerController.advance": {
                    "total": 391.0354392801455,
                    "count": 11337,
                    "self": 0.16313758175238036,
                    "children": {
                        "env_step": {
                            "total": 377.8133553932639,
                            "count": 11337,
                            "self": 375.04735024757974,
                            "children": {
                                "SubprocessEnvManager._take_step": {
                                    "total": 2.696487234221422,
                                    "count": 11337,
                                    "self": 0.1562919467833126,
                                    "children": {
                                        "TorchPolicy.evaluate": {
                                            "total": 2.5401952874381095,
                                            "count": 4181,
                                            "self": 2.5401952874381095
                                        }
                                    }
                                },
                                "workers": {
                                    "total": 0.06951791146275355,
                                    "count": 11336,
                                    "self": 0.0,
                                    "children": {
                                        "worker_root": {
                                            "total": 386.4296396785285,
                                            "count": 11336,
                                            "is_parallel": true,
                                            "self": 28.07458903501538,