{
    "name": "root",
    "gauges": {
        "DroneAgent.Policy.Entropy.mean": {
            "value": 1.4171971082687378,
            "min": 1.4125757217407227,
            "max": 1.4324203729629517,
            "count": 48
        },
        "DroneAgent.Policy.Entropy.sum": {
            "value": 14132.2900390625,
            "min": 13713.28515625,
            "max": 16720.76953125,
            "count": 48
        },
        "DroneAgent.Environment.EpisodeLength.mean": {
            "value": 15.59567387687188,
            "min": 15.467980295566502,
            "max": 32.62033898305085,
            "count": 48
        },
        "DroneAgent.Environment.EpisodeLength.sum": {
            "value": 9373.0,
            "min": 9369.0,
            "max": 9752.0,
            "count": 48
        },
        "DroneAgent.Environment.LessonNumber.target_spawn_radius.mean": {
            "value": 1.0,
            "min": 1.0,
            "max": 1.0,
            "count": 48
        },
        "DroneAgent.Environment.LessonNumber.target_spawn_radius.sum": {
            "value": 1.0,
            "min": 1.0,
            "max": 1.0,
            "count": 48
        },
        "DroneAgent.Step.mean": {
            "value": 479989.0,
            "min": 9982.0,
            "max": 479989.0,
            "count": 48
        },
        "DroneAgent.Step.sum": {
            "value": 479989.0,
            "min": 9982.0,
            "max": 479989.0,
            "count": 48
        },
        "DroneAgent.Policy.CuriosityValueEstimate.mean": {
            "value": 2765130.25,
            "min": 0.24786196649074554,
            "max": 2765130.25,
            "count": 48
        },
        "DroneAgent.Policy.CuriosityValueEstimate.sum": {
            "value": 1664608384.0,
            "min": 98.89692687988281,
            "max": 1664608384.0,
            "count": 48
        },
        "DroneAgent.Policy.ExtrinsicValueEstimate.mean": {
            "value": -3.7941739559173584,
            "min": -71.31962585449219,
            "max": 98.23407745361328,
            "count": 48
        },
        "DroneAgent.Policy.ExtrinsicValueEstimate.sum": {
            "value": -2284.0927734375,
            "min": -42363.859375,
            "max": 57466.9375,
            "count": 48
        },
        "DroneAgent.Environment.CumulativeReward.mean": {
            "value": -1.3589548054723644,
            "min": -1.4537601001086211,
            "max": -0.39392637399178515,
            "count": 48
        },
        "DroneAgent.Environment.CumulativeReward.sum": {
            "value": -818.0907928943634,
            "min": -844.6346181631088,
            "max": -155.60091772675514,
            "count": 48
        },
        "DroneAgent.Policy.CuriosityReward.mean": {
            "value": 0.07143283832703788,
            "min": 0.0,
            "max": 16.320890269428492,
            "count": 48
        },
        "DroneAgent.Policy.CuriosityReward.sum": {
            "value": 43.002568672876805,
            "min": 0.0,
            "max": 4896.2670808285475,
            "count": 48
        },
        "DroneAgent.Policy.ExtrinsicReward.mean": {
            "value": -1.3589548054723644,
            "min": -1.4537601001086211,
            "max": -0.39392637399178515,
            "count": 48
        },
        "DroneAgent.Policy.ExtrinsicReward.sum": {
            "value": -818.0907928943634,
            "min": -844.6346181631088,
            "max": -155.60091772675514,
            "count": 48
        },
        "DroneAgent.IsTraining.mean": {
            "value": 1.0,
            "min": 1.0,
            "max": 1.0,
            "count": 48
        },
        "DroneAgent.IsTraining.sum": {
            "value": 1.0,
            "min": 1.0,
            "max": 1.0,
            "count": 48
        },
        "DroneAgent.Losses.PolicyLoss.mean": {
            "value": 0.023087177192792296,
            "min": 0.015024941181764007,
            "max": 0.03249962707050145,
            "count": 46
        },
        "DroneAgent.Losses.PolicyLoss.sum": {
            "value": 0.023087177192792296,
            "min": 0.015024941181764007,
            "max": 0.03249962707050145,
            "count": 46
        },
        "DroneAgent.Losses.ValueLoss.mean": {
            "value": 18321893997499.734,
            "min": 0.3151936993002892,
            "max": 18321893997499.734,
            "count": 46
        },
        "DroneAgent.Losses.ValueLoss.sum": {
            "value": 18321893997499.734,
            "min": 0.3151936993002892,
            "max": 18321893997499.734,
            "count": 46
        },
        "DroneAgent.Policy.LearningRate.mean": {
            "value": 0.00090557640944236,
            "min": 0.00090557640944236,
            "max": 0.0009979500002050001,
            "count": 46
        },
        "DroneAgent.Policy.LearningRate.sum": {
            "value": 0.00090557640944236,
            "min": 0.00090557640944236,
            "max": 0.0009979500002050001,
            "count": 46
        },
        "DroneAgent.Policy.Epsilon.mean": {
            "value": 0.19055763999999994,
            "min": 0.19055763999999994,
            "max": 0.199795,
            "count": 46
        },
        "DroneAgent.Policy.Epsilon.sum": {
            "value": 0.19055763999999994,
            "min": 0.19055763999999994,
            "max": 0.199795,
            "count": 46
        },
        "DroneAgent.Policy.Beta.mean": {
            "value": 0.004528826236,
            "min": 0.004528826236,
            "max": 0.004989770499999999,
            "count": 46
        },
        "DroneAgent.Policy.Beta.sum": {
            "value": 0.004528826236,
            "min": 0.004528826236,
            "max": 0.004989770499999999,
            "count": 46
        },
        "DroneAgent.Losses.CuriosityForwardLoss.mean": {
            "value": 0.2114399790763855,
            "min": 0.2114399790763855,
            "max": 101.3571283976237,
            "count": 46
        },
        "DroneAgent.Losses.CuriosityForwardLoss.sum": {
            "value": 0.2114399790763855,
            "min": 0.2114399790763855,
            "max": 101.3571283976237,
            "count": 46
        },
        "DroneAgent.Losses.CuriosityInverseLoss.mean": {
            "value": 1.691155695915222,
            "min": 1.691155695915222,
            "max": 4.52045373916626,
            "count": 46
        },
        "DroneAgent.Losses.CuriosityInverseLoss.sum": {
            "value": 1.691155695915222,
            "min": 1.691155695915222,
            "max": 4.52045373916626,
            "count": 46
        }
    },
    "metadata": {
        "timer_format_version": "0.1.0",
        "start_time_seconds": "1773527871",
        "python_version": "3.10.12 (main, Jul  5 2023, 18:54:27) [GCC 11.2.0]",
        "command_line_arguments": "/opt/miniconda3/envs/unity-rl/bin/mlagents-learn configs/drone_config_lr0.001_hu256_nl2.yaml --env=build/DroneEnv.x86_64 --run-id=drone_config_lr0.001_hu256_nl2 --num-envs=8 --no-graphics --force",
        "mlagents_version": "1.1.0",
        "mlagents_envs_version": "1.1.0",
        "communication_protocol_version": "1.5.0",
        "pytorch_version": "2.1.1+cu121",
        "numpy_version": "1.23.5",
        "end_time_seconds": "1773527991"
    },
    "total": 119.59818365899991,
    "count": 1,
    "self": 0.13283449600203312,
    "children": {
        "run_training.setup": {
            "total": 0.03503068999998504,
            "count": 1,
            "self": 0.03503068999998504
        },
        "TrainerController.start_learning": {
            "total": 119.4303184729979,
            "count": 1,
            "self": 0.9631024771661032,
            "children": {
                "TrainerController._reset_env": {
                    "total": 0.9400982330007537,
                    "count": 1,
                    "self": 0.9400982330007537
                },