{
    "name": "root",
    "gauges": {
        "DroneAgent.Policy.Entropy.mean": {
            "value": 1.4160391092300415,
            "min": 1.4152852296829224,
            "max": 1.4368195533752441,
            "count": 37
        },
        "DroneAgent.Policy.Entropy.sum": {
            "value": 14273.673828125,
            "min": 13847.865234375,
            "max": 17129.421875,
            "count": 37
        },
        "DroneAgent.Environment.EpisodeLength.mean": {
            "value": 15.354575163398692,
            "min": 15.354575163398692,
            "max": 34.92142857142857,
            "count": 37
        },
        "DroneAgent.Environment.EpisodeLength.sum": {
            "value": 9397.0,
            "min": 9384.0,
            "max": 9778.0,
            "count": 37
        },
        "DroneAgent.Environment.LessonNumber.target_spawn_radius.mean": {
            "value": 1.0,
            "min": 1.0,
            "max": 1.0,
            "count": 37
        },
        "DroneAgent.Environment.LessonNumber.target_spawn_radius.sum": {
            "value": 1.0,
            "min": 1.0,
            "max": 1.0,
            "count": 37
        },
        "DroneAgent.Step.mean": {
            "value": 369992.0,
            "min": 9999.0,
            "max": 369992.0,
            "count": 37
        },
        "DroneAgent.Step.sum": {
            "value": 369992.0,
            "min": 9999.0,
            "max": 369992.0,
            "count": 37
        },
        "DroneAgent.Policy.CuriosityValueEstimate.mean": {
            "value": 17245.83984375,
            "min": -0.19623631238937378,
            "max": 17245.83984375,
            "count": 37
        },
        "DroneAgent.Policy.CuriosityValueEstimate.sum": {
            "value": 10537208.0,
            "min": -56.516056060791016,
            "max": 10537208.0,
            "count": 37
        },
        "DroneAgent.Policy.ExtrinsicValueEstimate.mean": {
            "value": -1.4257475137710571,
            "min": -1.8907122611999512,
            "max": 0.07316767424345016,
            "count": 37
        },
        "DroneAgent.Policy.ExtrinsicValueEstimate.sum": {
            "value": -871.1317138671875,
            "min": -1100.39453125,
            "max": 28.97439956665039,
            "count": 37
        },
        "DroneAgent.Environment.CumulativeReward.mean": {
            "value": -1.300226421090858,
            "min": -1.4059438914770173,
            "max": -0.44355638811859904,
            "count": 37
        },
        "DroneAgent.Environment.CumulativeReward.sum": {
            "value": -794.4383432865143,
            "min": -806.1433005332947,
            "max": -175.20477330684662,
            "count": 37
        },
        "DroneAgent.Policy.CuriosityReward.mean": {
            "value": 0.10357938634929797,
            "min": 0.0,
            "max": 17.04036943577625,
            "count": 37
        },
        "DroneAgent.Policy.CuriosityReward.sum": {
            "value": 63.28700505942106,
            "min": 0.0,
            "max": 4822.424550324678,
            "count": 37
        },
        "DroneAgent.Policy.ExtrinsicReward.mean": {
            "value": -1.300226421090858,
            "min": -1.4059438914770173,
            "max": -0.44355638811859904,
            "count": 37
        },
        "DroneAgent.Policy.ExtrinsicReward.sum": {
            "value": -794.4383432865143,
            "min": -806.1433005332947,
            "max": -175.20477330684662,
            "count": 37
        },
        "DroneAgent.IsTraining.mean": {
            "value": 1.0,
            "min": 1.0,
            "max": 1.0,
            "count": 37
        },
        "DroneAgent.IsTraining.sum": {
            "value": 1.0,
            "min": 1.0,
            "max": 1.0,
            "count": 37
        },
        "DroneAgent.Losses.PolicyLoss.mean": {
            "value": 0.028808791081731518,
            "min": 0.017618693628658852,
            "max": 0.031742838739107056,
            "count": 36
        },
        "DroneAgent.Losses.PolicyLoss.sum": {
            "value": 0.028808791081731518,
            "min": 0.017618693628658852,
            "max": 0.031742838739107056,
            "count": 36
        },
        "DroneAgent.Losses.ValueLoss.mean": {
            "value": 715777610.6666666,
            "min": 0.37120652695496875,
            "max": 715777610.6666666,
            "count": 36
        },
        "DroneAgent.Losses.ValueLoss.sum": {
            "value": 715777610.6666666,
            "min": 0.37120652695496875,
            "max": 715777610.6666666,
            "count": 36
        },
        "DroneAgent.Policy.LearningRate.mean": {
            "value": 0.00027781836739388,
            "min": 0.00027781836739388,
            "max": 0.0002993833802055399,
            "count": 36
        },
        "DroneAgent.Policy.LearningRate.sum": {
            "value": 0.00027781836739388,
            "min": 0.00027781836739388,
            "max": 0.0002993833802055399,
            "count": 36
        },
        "DroneAgent.Policy.Epsilon.mean": {
            "value": 0.19260611999999996,
            "min": 0.19260611999999996,
            "max": 0.19979445999999995,
            "count": 36
        },
        "DroneAgent.Policy.Epsilon.sum": {
            "value": 0.19260611999999996,
            "min": 0.19260611999999996,
            "max": 0.19979445999999995,
            "count": 36
        },
        "DroneAgent.Policy.Beta.mean": {
            "value": 0.004631045387999999,
            "min": 0.004631045387999999,
            "max": 0.004989743554000001,
            "count": 36
        },
        "DroneAgent.Policy.Beta.sum": {
            "value": 0.004631045387999999,
            "min": 0.004631045387999999,
            "max": 0.004989743554000001,
            "count": 36
        },
        "DroneAgent.Losses.CuriosityForwardLoss.mean": {
            "value": 0.31565785308678945,
            "min": 0.31565785308678945,
            "max": 114.0554843266805,
            "count": 36
        },
        "DroneAgent.Losses.CuriosityForwardLoss.sum": {
            "value": 0.31565785308678945,
            "min": 0.31565785308678945,
            "max": 114.0554843266805,
            "count": 36
        },
        "DroneAgent.Losses.CuriosityInverseLoss.mean": {
            "value": 1.8076221028963724,
            "min": 1.776523753007253,
            "max": 4.510370318094889,
            "count": 36
        },
        "DroneAgent.Losses.CuriosityInverseLoss.sum": {
            "value": 1.8076221028963724,
            "min": 1.776523753007253,
            "max": 4.510370318094889,
            "count": 36
        }
    },
    "metadata": {
        "timer_format_version": "0.1.0",
        "start_time_seconds": "1773527497",
        "python_version": "3.10.12 (main, Jul  5 2023, 18:54:27) [GCC 11.2.0]",
        "command_line_arguments": "/opt/miniconda3/envs/unity-rl/bin/mlagents-learn configs/drone_config_lr0.0003_hu128_nl2.yaml --env=build/DroneEnv.x86_64 --run-id=drone_config_lr0.0003_hu128_nl2 --num-envs=8 --no-graphics --force",
        "mlagents_version": "1.1.0",
        "mlagents_envs_version": "1.1.0",
        "communication_protocol_version": "1.5.0",
        "pytorch_version": "2.1.1+cu121",
        "numpy_version": "1.23.5",
        "end_time_seconds": "1773527588"
    },
    "total": 90.52208748799967,
    "count": 1,
    "self": 0.07307070199749433,
    "children": {
        "run_training.setup": {
            "total": 0.02850653900168254,
            "count": 1,
            "self": 0.02850653900168254
        },
        "TrainerController.start_learning": {
            "total": 90.4205102470005,
            "count": 1,
            "self": 0.722475478931301,
            "children": {
                "TrainerController._reset_env": {
                    "total": 0.9448636529996293,
                    "count": 1,
                    "self": 0.9448636529996293
                },